{"_default": {"5": {"plates": "SR123456", "enterTime": 1711301659.8393831, "moneyPaid": 0}, "6": {"plates": "DW1515", "enterTime": 1714296208.7460358, "moneyPaid": 0}, "7": {"plates": "SR789456", "enterTime": 1714299036.0042834, "moneyPaid": 0}, "8": {"plates": "SWD741852", "enterTime": 1714299212.8267858, "moneyPaid": 0}, "9": {"plates": "GD123456", "enterTime": 1714299477.7554405, "moneyPaid": 0}, "11": {"plates": "WPR123456", "enterTime": 1714476602.0719922, "moneyPaid": 0}, "12": {"plates": "QWE123", "enterTime": 1716414009.5984368, "moneyPaid": 0}, "13": {"plates": "RAD2244", "enterTime": 1716415158.6465724, "moneyPaid": 0}, "14": {"plates": "TEST456", "enterTime": 1716416297.5096, "moneyPaid": 0}, "15": {"plates": "TEST323", "enterTime": 1716416316.5882638, "moneyPaid": 0}, "16": {"plates": "PIOTR", "enterTime": 1716416399.363051, "moneyPaid": 0}, "18": {"plates": "GD2G153", "enterTime": 1716416741.5417867, "moneyPaid": 370}, "19": {"plates": "YH665", "enterTime": 1716417516.4504676, "moneyPaid": 0}, "20": {"plates": "DROP22", "enterTime": 1716417583.3544517, "moneyPaid": 0}, "21": {"plates": "TEW114", "enterTime": 1716417627.631235, "moneyPaid": 0}, "23": {"plates": "SWD45678", "enterTime": 1716543380.0026548, "moneyPaid": 0}, "24": {"plates": "SWD852", "enterTime": 1716550096.378727, "moneyPaid": 0}, "25": {"plates": "TEST1234", "enterTime": 1716550245.7887135, "moneyPaid": 0}, "26": {"plates": "TEST12345", "enterTime": 1716550451.5040803, "moneyPaid": 0}, "27": {"plates": "TEST1", "enterTime": 1716550517.5942817, "moneyPaid": 0}}}