{"_default": {"2": {"plates": "KBG684V", "enterTime": 1711735862.0904994, "moneyPaid": 810}, "4": {"plates": "KCV3803", "enterTime": 1711251646.3364427, "moneyPaid": 0}, "5": {"plates": "SR123456", "enterTime": 1711301659.8393831, "moneyPaid": 0}, "6": {"plates": "DW1515", "enterTime": 1714296208.7460358, "moneyPaid": 0}, "7": {"plates": "SR789456", "enterTime": 1714299036.0042834, "moneyPaid": 0}, "8": {"plates": "SWD741852", "enterTime": 1714299212.8267858, "moneyPaid": 0}, "9": {"plates": "GD123456", "enterTime": 1714299477.7554405, "moneyPaid": 0}, "10": {"plates": "XYZ456123", "enterTime": 1714476466.51182, "moneyPaid": 0}, "11": {"plates": "WPR123456", "enterTime": 1714476602.0719922, "moneyPaid": 0}}}