{"_default": {"1": {"plates": "GD2G153", "enterTime": 1711730716.209396, "moneyPaid": 50}, "2": {"plates": "KBG684V", "enterTime": 1711735862.0904994, "moneyPaid": 10}, "3": {"plates": "SWD4564133", "enterTime": 1711740940.4514616, "moneyPaid": 0}, "4": {"plates": "SR123456", "enterTime": 1711741133.0179007, "moneyPaid": 0}}}